commit,bytes,cycles,note
# 11×24 signed-limb Montgomery track. Thomas at 928/4482467 with 5×54.
# Target: < 928. Each row is a working checkpoint (607/607 pass).
# Pre-607 milestones use cycles=0.
a1f8ce0,158,0,fe_mul11 standalone (103/103 unit test)
1260a47,1488,0,PHASE 1 BASELINE — 607/607 pass. Not golfed.
89f89c2,1319,12185000,Phase 2 grind: −169 B. Chaining + .Lcp share + enter/leave + xor-neg add/sub + INV stack tricks
6de9a83,1312,12185000,CIOS merge in fe_mul11 (schoolbook+reduce → one loop)
670e5e0,1254,0,Slot reshuffle: constants chain 9-11; r,s @ 0,1; COPYHI Shamir; drop NORMN,MULR2,SQR,r/s CHKNZ
387114e,1244,11920000,ZERO op: bc_v1 tail does acc=(0:1:0); pt_mul drops 15-B init. SET1/ZERO shared tail.
